Timestamp,UserID,Sentence,MeaningfulnessRating,SourceRating
9/17/2025 11:02:03,user_1758124827256_y9ln3p3wi,Prime composite numbers smile chemically.,2,1
9/17/2025 11:02:15,user_1758124827256_y9ln3p3wi,Silent noises shout mutely.,5,0
9/17/2025 11:02:38,user_1758124827256_y9ln3p3wi,The museum pretends that teacups are monarchs.,1,1
9/17/2025 11:02:41,user_1758051763255_jmqqrptso,Tangible abstract ideas itch hydraulically.,2,1
9/17/2025 11:02:47,user_1758124832579_f9b9deb5v,Infinite largest integers dance politely.,2,0
9/17/2025 11:02:50,user_1758051763255_jmqqrptso,Silent noises shout mutely.,1,0
9/17/2025 11:02:51,user_1758051763255_jmqqrptso,Brightly veracious lion fly cunningly.,2,1
9/17/2025 11:02:53,user_1758051763255_jmqqrptso,Prime composite numbers smile chemically.,1,0
9/17/2025 11:02:57,user_1758051763255_jmqqrptso,Bottom of the space is up.,1,0
9/17/2025 11:02:58,user_1758124827256_y9ln3p3wi,Only the wallpaper suspects cheerful algebra.,3,1
9/17/2025 11:03:02,user_1758124833022_cwzsxsjt4,Odorless fragrant smells disappear loudly.,3,0
9/17/2025 11:03:04,user_1758051763255_jmqqrptso,Finite endless lines stop perpetually.,1,0
9/17/2025 11:03:07,user_1758124827256_y9ln3p3wi,Bottom of the space is up.,5,0
9/17/2025 11:03:08,user_1758124832579_f9b9deb5v,Neither oxygen nor boredom files the horizon.,1,1
9/17/2025 11:03:08,user_1758051763255_jmqqrptso,The museum pretends that teacups are monarchs.,3,1
9/17/2025 11:03:09,user_1758124837240_t56m9cpew,Burpy trees monkey in mountain poodle.,1,1
9/17/2025 11:03:11,user_1758124833022_cwzsxsjt4,Infinite largest integers dance politely.,2,1
9/17/2025 11:03:15,user_1758051763255_jmqqrptso,Burpy trees monkey in mountain poodle.,2,0
9/17/2025 11:03:15,user_1758124832579_f9b9deb5v,Prime composite numbers smile chemically.,2,1
9/17/2025 11:03:18,user_1758124827256_y9ln3p3wi,Finite endless lines stop perpetually.,5,0
9/17/2025 11:03:19,user_1758124822608_fyryc4t3i,"As calculators blush, lint negotiates silence.",3,1
9/17/2025 11:03:19,user_1758124837240_t56m9cpew,Brightly veracious lion fly cunningly.,1,1
9/17/2025 11:03:19,user_1758124827256_y9ln3p3wi,A rumor balanced the telescope backwards.,5,0
9/17/2025 11:03:21,user_1758124826911_9va5zzx9b,More rugs have been debunked than in blue green dreams.,2,1
9/17/2025 11:03:23,user_1758124833022_cwzsxsjt4,This elegy instructs the elevator sideways.,3,1
9/17/2025 11:03:24,user_1758124826911_9va5zzx9b,"After midnight, triangles borrow weather from whispers.",4,0
9/17/2025 11:03:25,user_1758124827256_y9ln3p3wi,This elegy instructs the elevator sideways.,3,1
9/17/2025 11:03:26,user_1758124832579_f9b9deb5v,Only the wallpaper suspects cheerful algebra.,1,1
9/17/2025 11:03:27,user_1758051763255_jmqqrptso,"If butter forgets, planets applaud politely.",3,0
9/17/2025 11:03:27,user_1758124826911_9va5zzx9b,Even odd numbers bleed dryly.,4,0
9/17/2025 11:03:29,user_1758051763255_jmqqrptso,Living dead statues breathe digitally.,3,1
9/17/2025 11:03:30,user_1758124833022_cwzsxsjt4,Nonexistent tall freedoms lift monstrously.,1,0
9/17/2025 11:03:31,user_1758124832579_f9b9deb5v,Silent noises shout mutely.,4,1
9/17/2025 11:03:33,user_1758124827256_y9ln3p3wi,"If butter forgets, planets applaud politely.",3,0
9/17/2025 11:03:34,user_1758124826911_9va5zzx9b,Prime composite numbers smile chemically.,5,0
9/17/2025 11:03:35,user_1758124837240_t56m9cpew,Wooden metallic clouds digest clockwise.,5,0
9/17/2025 11:03:37,user_1758124837240_t56m9cpew,The old man the boat.,5,0
9/17/2025 11:03:39,user_1758124833022_cwzsxsjt4,Flat curved planes wrinkle vertically.,3,0
9/17/2025 11:03:39,user_1758124843495_srcbljz55,Flat curved planes wrinkle vertically.,3,0
9/17/2025 11:03:41,user_1758051763255_jmqqrptso,Transparent opaque thoughts collide fragrantly.,2,0
9/17/2025 11:03:44,user_1758124832579_f9b9deb5v,"As calculators blush, lint negotiates silence.",1,1
9/17/2025 11:03:45,user_1758124826911_9va5zzx9b,"As calculators blush, lint negotiates silence.",2,1
9/17/2025 11:03:46,user_1758124826911_9va5zzx9b,The comet politely steals my staircase.,5,0
9/17/2025 11:03:50,user_1758124827256_y9ln3p3wi,Wooden metallic clouds digest clockwise.,3,0
9/17/2025 11:03:50,user_1758124822608_fyryc4t3i,Bottom of the space is up.,4,0
9/17/2025 11:03:50,user_1758051763255_jmqqrptso,Odorless fragrant smells disappear loudly.,1,0
9/17/2025 11:03:50,user_1758124833022_cwzsxsjt4,Bottom of the space is up.,4,1
9/17/2025 11:03:51,user_1758051763255_jmqqrptso,Only the wallpaper suspects cheerful algebra.,1,0
9/17/2025 11:03:51,user_1758124832579_f9b9deb5v,An obedient rumor divided the staircase.,1,1
9/17/2025 11:03:51,user_1758124822608_fyryc4t3i,Silent noises shout mutely.,4,1
9/17/2025 11:03:54,user_1758124827256_y9ln3p3wi,Odorless fragrant smells disappear loudly.,5,0
9/17/2025 11:03:54,user_1758124837240_t56m9cpew,"After midnight, triangles borrow weather from whispers.",3,1
9/17/2025 11:03:55,user_1758051763255_jmqqrptso,An obedient rumor divided the staircase.,3,1
9/17/2025 11:03:55,user_1758124832579_f9b9deb5v,There were umbrellas arguing under the algorithm.,1,1
9/17/2025 11:03:55,user_1758124827256_y9ln3p3wi,"As calculators blush, lint negotiates silence.",4,1
9/17/2025 11:03:56,user_1758124843495_srcbljz55,Nonexistent tall freedoms lift monstrously.,1,1
9/17/2025 11:03:56,user_1758124833022_cwzsxsjt4,"As calculators blush, lint negotiates silence.",2,0
9/17/2025 11:03:57,user_1758124826911_9va5zzx9b,Neither oxygen nor boredom files the horizon.,5,0
9/17/2025 11:03:57,user_1758124826911_9va5zzx9b,Living dead statues breathe digitally.,3,0
9/17/2025 11:04:00,user_1758124826911_9va5zzx9b,Odorless fragrant smells disappear loudly.,3,1
9/17/2025 11:04:01,user_1758051763255_jmqqrptso,This elegy instructs the elevator sideways.,4,1
9/17/2025 11:04:01,user_1758124837240_t56m9cpew,Delicious computer flies largely.,5,0
9/17/2025 11:04:02,user_1758124826911_9va5zzx9b,The museum pretends that teacups are monarchs.,5,0
9/17/2025 11:04:04,user_1758124833022_cwzsxsjt4,The old man the boat.,1,0
9/17/2025 11:04:06,user_1758124837240_t56m9cpew,The comet politely steals my staircase.,5,0
9/17/2025 11:04:07,user_1758124832579_f9b9deb5v,The comet politely steals my staircase.,1,1
9/17/2025 11:04:08,user_1758124826911_9va5zzx9b,Stationary moving mountains sprint immovably.,3,1
9/17/2025 11:04:09,user_1758124843495_srcbljz55,"Under the keyboard, Tuesday practices remorse.",2,0
9/17/2025 11:04:09,user_1758051763255_jmqqrptso,"Because pencils migrate, the river resumes duty.",2,1
9/17/2025 11:04:11,user_1758124832579_f9b9deb5v,"After midnight, triangles borrow weather from whispers.",2,1
9/17/2025 11:04:11,user_1758051763255_jmqqrptso,Infinite largest integers dance politely.,1,0
9/17/2025 11:04:11,user_1758124827256_y9ln3p3wi,Flat curved planes wrinkle vertically.,5,0
9/17/2025 11:04:12,user_1758124833022_cwzsxsjt4,Silent noises shout mutely.,2,1
9/17/2025 11:04:13,user_1758124837240_t56m9cpew,Only the wallpaper suspects cheerful algebra.,3,0
9/17/2025 11:04:15,user_1758051763255_jmqqrptso,Let velvet measure tomorrow with raisins.,2,0
9/17/2025 11:04:17,user_1758124832579_f9b9deb5v,Let velvet measure tomorrow with raisins.,1,1
9/17/2025 11:04:18,user_1758124826911_9va5zzx9b,Burpy trees monkey in mountain poodle.,2,0
9/17/2025 11:04:19,user_1758051763255_jmqqrptso,Even odd numbers bleed dryly.,4,1
9/17/2025 11:04:19,user_1758124822608_fyryc4t3i,Even odd numbers bleed dryly.,2,0
9/17/2025 11:04:20,user_1758124832579_f9b9deb5v,The old man the boat.,1,0
9/17/2025 11:04:20,user_1758124827256_y9ln3p3wi,Tangible abstract ideas itch hydraulically.,1,0
9/17/2025 11:04:21,user_1758124819340_rgsvgdlel,Odorless fragrant smells disappear loudly.,2,0
9/17/2025 11:04:21,user_1758051763255_jmqqrptso,A cautious echo paints thunder for breakfast.,4,1
9/17/2025 11:04:21,user_1758124837240_t56m9cpew,Transparent opaque thoughts collide fragrantly.,1,0
9/17/2025 11:04:22,user_1758124833022_cwzsxsjt4,"If butter forgets, planets applaud politely.",1,1
9/17/2025 11:04:22,user_1758124826911_9va5zzx9b,Brightly veracious lion fly cunningly.,5,1
9/17/2025 11:04:23,user_1758124819340_rgsvgdlel,The comet politely steals my staircase.,4,1
9/17/2025 11:04:24,user_1758124827256_y9ln3p3wi,"After midnight, triangles borrow weather from whispers.",1,1
9/17/2025 11:04:24,user_1758124843495_srcbljz55,Burpy trees monkey in mountain poodle.,1,0
9/17/2025 11:04:24,user_1758124827256_y9ln3p3wi,"Under the keyboard, Tuesday practices remorse.",4,0
9/17/2025 11:04:27,user_1758124837240_t56m9cpew,Nonexistent tall freedoms lift monstrously.,1,1
9/17/2025 11:04:28,user_1758124833022_cwzsxsjt4,Even odd numbers bleed dryly.,3,0
9/17/2025 11:04:29,user_1758124826911_9va5zzx9b,Nonexistent tall freedoms lift monstrously.,2,0
9/17/2025 11:04:29,user_1758124843495_srcbljz55,The old man the boat.,1,0
9/17/2025 11:04:29,user_1758124832579_f9b9deb5v,Living dead statues breathe digitally.,2,0
9/17/2025 11:04:30,user_1758124827256_y9ln3p3wi,Stationary moving mountains sprint immovably.,2,1
9/17/2025 11:04:30,user_1758124837240_t56m9cpew,The museum pretends that teacups are monarchs.,5,0
9/17/2025 11:04:30,user_1758124832579_f9b9deb5v,A rumor balanced the telescope backwards.,1,1
9/17/2025 11:04:33,user_1758124822608_fyryc4t3i,Transparent opaque thoughts collide fragrantly.,5,0
9/17/2025 11:04:34,user_1758124827256_y9ln3p3wi,Neither oxygen nor boredom files the horizon.,5,0
9/17/2025 11:04:35,user_1758124843495_srcbljz55,Silent noises shout mutely.,2,1
9/17/2025 11:04:35,user_1758124826911_9va5zzx9b,This elegy instructs the elevator sideways.,3,0
9/17/2025 11:04:35,user_1758124833022_cwzsxsjt4,Finite endless lines stop perpetually.,2,0
9/17/2025 11:04:36,user_1758124832579_f9b9deb5v,Delicious computer flies largely.,1,0
9/17/2025 11:04:37,user_1758124819340_rgsvgdlel,"As calculators blush, lint negotiates silence.",4,1
9/17/2025 11:04:38,user_1758051763255_jmqqrptso,"As calculators blush, lint negotiates silence.",1,0
9/17/2025 11:04:42,user_1758124837240_t56m9cpew,Bottom of the space is up.,2,0
9/17/2025 11:04:42,user_1758124826911_9va5zzx9b,A rumor balanced the telescope backwards.,4,0
9/17/2025 11:04:45,user_1758124826911_9va5zzx9b,Transparent opaque thoughts collide fragrantly.,3,1
9/17/2025 11:04:45,user_1758124843495_srcbljz55,Bottom of the space is up.,3,0
9/17/2025 11:04:46,user_1758124832579_f9b9deb5v,Burpy trees monkey in mountain poodle.,1,0
9/17/2025 11:04:46,user_1758124833022_cwzsxsjt4,Wooden metallic clouds digest clockwise.,1,1
9/17/2025 11:04:47,user_1758124827256_y9ln3p3wi,A cautious echo paints thunder for breakfast.,5,0
9/17/2025 11:04:50,user_1758124832579_f9b9deb5v,Tangible abstract ideas itch hydraulically.,1,1
9/17/2025 11:04:50,user_1758124833022_cwzsxsjt4,Living dead statues breathe digitally.,1,1
9/17/2025 11:04:51,user_1758051763255_jmqqrptso,Neither oxygen nor boredom files the horizon.,3,1
9/17/2025 11:04:51,user_1758124826911_9va5zzx9b,A cautious echo paints thunder for breakfast.,5,0
9/17/2025 11:04:53,user_1758124833022_cwzsxsjt4,The comet politely steals my staircase.,1,0
9/17/2025 11:04:54,user_1758124819340_rgsvgdlel,"If butter forgets, planets applaud politely.",3,1
9/17/2025 11:04:55,user_1758124836074_gmp2eo86u,"If butter forgets, planets applaud politely.",1,1
9/17/2025 11:04:56,user_1758124822608_fyryc4t3i,"Under the keyboard, Tuesday practices remorse.",4,0
9/17/2025 11:04:57,user_1758124837240_t56m9cpew,Prime composite numbers smile chemically.,1,1
9/17/2025 11:04:57,user_1758124827256_y9ln3p3wi,"Because pencils migrate, the river resumes duty.",5,0
9/17/2025 11:04:58,user_1758051763255_jmqqrptso,"Under the keyboard, Tuesday practices remorse.",4,1
9/17/2025 11:04:58,user_1758124832579_f9b9deb5v,Finite endless lines stop perpetually.,2,0
9/17/2025 11:04:58,user_1758124837240_t56m9cpew,A rumor balanced the telescope backwards.,1,1
9/17/2025 11:04:59,user_1758124826911_9va5zzx9b,Finite endless lines stop perpetually.,4,0
9/17/2025 11:04:59,user_1758124826911_9va5zzx9b,Tangible abstract ideas itch hydraulically.,3,1
9/17/2025 11:05:01,user_1758124837240_t56m9cpew,This elegy instructs the elevator sideways.,1,1
9/17/2025 11:05:01,user_1758124837240_t56m9cpew,Flat curved planes wrinkle vertically.,4,1
9/17/2025 11:05:02,user_1758124836074_gmp2eo86u,The old man the boat.,1,0
9/17/2025 11:05:03,user_1758124843495_srcbljz55,The comet politely steals my staircase.,2,0
9/17/2025 11:05:04,user_1758051763255_jmqqrptso,There were umbrellas arguing under the algorithm.,3,0
9/17/2025 11:05:03,user_1758124827256_y9ln3p3wi,The comet politely steals my staircase.,5,0
9/17/2025 11:05:04,user_1758124833022_cwzsxsjt4,A rumor balanced the telescope backwards.,1,0
9/17/2025 11:05:06,user_1758124832579_f9b9deb5v,Flat curved planes wrinkle vertically.,3,0
9/17/2025 11:05:07,user_1758051763255_jmqqrptso,A rumor balanced the telescope backwards.,4,1
9/17/2025 11:05:09,user_1758124826911_9va5zzx9b,"Because pencils migrate, the river resumes duty.",4,0
9/17/2025 11:05:09,user_1758051763255_jmqqrptso,Stationary moving mountains sprint immovably.,3,1
9/17/2025 11:05:10,user_1758124833022_cwzsxsjt4,Stationary moving mountains sprint immovably.,1,1
9/17/2025 11:05:10,user_1758124822608_fyryc4t3i,Thoughtless bouncing fables sink gracefully.,2,0
9/17/2025 11:05:11,user_1758124837240_t56m9cpew,Finite endless lines stop perpetually.,5,0
9/17/2025 11:05:12,user_1758124833022_cwzsxsjt4,Prime composite numbers smile chemically.,1,1
9/17/2025 11:05:12,user_1758124832579_f9b9deb5v,Stationary moving mountains sprint immovably.,3,0
9/17/2025 11:05:13,user_1758124826911_9va5zzx9b,There were umbrellas arguing under the algorithm.,5,0
9/17/2025 11:05:14,user_1758124827256_y9ln3p3wi,Let velvet measure tomorrow with raisins.,3,1
9/17/2025 11:05:14,user_1758124827256_y9ln3p3wi,Living dead statues breathe digitally.,5,0
9/17/2025 11:05:15,user_1758124819340_rgsvgdlel,Tangible abstract ideas itch hydraulically.,1,0
9/17/2025 11:05:16,user_1758124843495_srcbljz55,"After midnight, triangles borrow weather from whispers.",1,1
9/17/2025 11:05:16,user_1758124837240_t56m9cpew,Stationary moving mountains sprint immovably.,5,1
9/17/2025 11:05:17,user_1758124832579_f9b9deb5v,Wooden metallic clouds digest clockwise.,3,0
9/17/2025 11:05:17,user_1758051763255_jmqqrptso,"After midnight, triangles borrow weather from whispers.",3,0
9/17/2025 11:05:17,user_1758124826911_9va5zzx9b,Silent noises shout mutely.,5,1
9/17/2025 11:05:18,user_1758124833022_cwzsxsjt4,An obedient rumor divided the staircase.,1,0
9/17/2025 11:05:20,user_1758124836074_gmp2eo86u,Flat curved planes wrinkle vertically.,1,1
9/17/2025 11:05:21,user_1758124827256_y9ln3p3wi,An obedient rumor divided the staircase.,2,0
9/17/2025 11:05:22,user_1758124832579_f9b9deb5v,Odorless fragrant smells disappear loudly.,4,0
9/17/2025 11:05:21,user_1758124837240_t56m9cpew,Tangible abstract ideas itch hydraulically.,1,1
9/17/2025 11:05:23,user_1758124822608_fyryc4t3i,Prime composite numbers smile chemically.,4,0
9/17/2025 11:05:23,user_1758124826911_9va5zzx9b,"If butter forgets, planets applaud politely.",2,0
9/17/2025 11:05:24,user_1758124843495_srcbljz55,Only the wallpaper suspects cheerful algebra.,1,1
9/17/2025 11:05:25,user_1758124826911_9va5zzx9b,Flat curved planes wrinkle vertically.,3,0
9/17/2025 11:05:25,user_1758124837240_t56m9cpew,Neither oxygen nor boredom files the horizon.,1,1
9/17/2025 11:05:25,user_1758124819340_rgsvgdlel,"Under the keyboard, Tuesday practices remorse.",3,0
9/17/2025 11:05:25,user_1758124837240_t56m9cpew,Silent noises shout mutely.,1,1
9/17/2025 11:05:25,user_1758124822608_fyryc4t3i,There were umbrellas arguing under the algorithm.,4,0
9/17/2025 11:05:26,user_1758124836074_gmp2eo86u,Finite endless lines stop perpetually.,1,1
9/17/2025 11:05:26,user_1758124827256_y9ln3p3wi,Even odd numbers bleed dryly.,5,0
9/17/2025 11:05:27,user_1758051763255_jmqqrptso,Delicious computer flies largely.,3,0
9/17/2025 11:05:29,user_1758124833022_cwzsxsjt4,"Because pencils migrate, the river resumes duty.",2,0
9/17/2025 11:05:29,user_1758124837240_t56m9cpew,Odorless fragrant smells disappear loudly.,1,1
9/17/2025 11:05:30,user_1758124832579_f9b9deb5v,Even odd numbers bleed dryly.,3,0
9/17/2025 11:05:32,user_1758124822608_fyryc4t3i,Finite endless lines stop perpetually.,5,0
9/17/2025 11:05:32,user_1758124837240_t56m9cpew,"As calculators blush, lint negotiates silence.",1,1
9/17/2025 11:05:32,user_1758124826911_9va5zzx9b,An obedient rumor divided the staircase.,4,1
9/17/2025 11:05:32,user_1758124827256_y9ln3p3wi,Infinite largest integers dance politely.,5,0
9/17/2025 11:05:33,user_1758124876200_uif9e3991,A rumor balanced the telescope backwards.,2,1
9/17/2025 11:05:33,user_1758124832579_f9b9deb5v,This elegy instructs the elevator sideways.,2,1
9/17/2025 11:05:33,user_1758051763255_jmqqrptso,Flat curved planes wrinkle vertically.,5,0
9/17/2025 11:05:34,user_1758124836074_gmp2eo86u,Infinite largest integers dance politely.,1,1
9/17/2025 11:05:34,user_1758124843495_srcbljz55,"If butter forgets, planets applaud politely.",1,0
9/17/2025 11:05:35,user_1758124837240_t56m9cpew,Infinite largest integers dance politely.,1,1
9/17/2025 11:05:36,user_1758124833022_cwzsxsjt4,Transparent opaque thoughts collide fragrantly.,1,0
9/17/2025 11:05:36,user_1758124827256_y9ln3p3wi,There were umbrellas arguing under the algorithm.,5,0
9/17/2025 11:05:37,user_1758124832579_f9b9deb5v,"Because pencils migrate, the river resumes duty.",2,1
9/17/2025 11:05:37,user_1758124837240_t56m9cpew,Let velvet measure tomorrow with raisins.,3,1
9/17/2025 11:05:38,user_1758124822608_fyryc4t3i,Only the wallpaper suspects cheerful algebra.,2,0
9/17/2025 11:05:39,user_1758124826911_9va5zzx9b,Delicious computer flies largely.,2,1
9/17/2025 11:05:40,user_1758124826911_9va5zzx9b,Let velvet measure tomorrow with raisins.,1,0
9/17/2025 11:05:40,user_1758124819340_rgsvgdlel,Infinite largest integers dance politely.,3,0
9/17/2025 11:05:41,user_1758124832579_f9b9deb5v,A cautious echo paints thunder for breakfast.,2,1
9/17/2025 11:05:41,user_1758124837240_t56m9cpew,"Under the keyboard, Tuesday practices remorse.",5,0
9/17/2025 11:05:41,user_1758124836074_gmp2eo86u,Only the wallpaper suspects cheerful algebra.,1,0
9/17/2025 11:05:42,user_1758124827256_y9ln3p3wi,Transparent opaque thoughts collide fragrantly.,5,0
9/17/2025 11:05:44,user_1758124833022_cwzsxsjt4,More rugs have been debunked than in blue green dreams.,1,0
9/17/2025 11:05:47,user_1758124832579_f9b9deb5v,Brightly veracious lion fly cunningly.,2,1
9/17/2025 11:05:48,user_1758124837240_t56m9cpew,More rugs have been debunked than in blue green dreams.,5,1
9/17/2025 11:05:50,user_1758124826911_9va5zzx9b,Infinite largest integers dance politely.,4,1
9/17/2025 11:05:50,user_1758124843495_srcbljz55,An obedient rumor divided the staircase.,1,1
9/17/2025 11:05:50,user_1758124837240_t56m9cpew,"If butter forgets, planets applaud politely.",5,0
9/17/2025 11:05:51,user_1758124826911_9va5zzx9b,Bottom of the space is up.,1,0
9/17/2025 11:05:52,user_1758124832579_f9b9deb5v,"Under the keyboard, Tuesday practices remorse.",3,0
9/17/2025 11:05:52,user_1758051763255_jmqqrptso,The comet politely steals my staircase.,5,1
9/17/2025 11:05:53,user_1758124837240_t56m9cpew,An obedient rumor divided the staircase.,5,1
9/17/2025 11:05:53,user_1758124836074_gmp2eo86u,"Because pencils migrate, the river resumes duty.",1,0
9/17/2025 11:05:54,user_1758124822608_fyryc4t3i,The museum pretends that teacups are monarchs.,5,1
9/17/2025 11:05:55,user_1758124843495_srcbljz55,Nonexistent tall freedoms lift monstrously.,1,0
9/17/2025 11:05:56,user_1758051763255_jmqqrptso,Wooden metallic clouds digest clockwise.,4,1
9/17/2025 11:05:57,user_1758124837240_t56m9cpew,Thoughtless bouncing fables sink gracefully.,1,0
9/17/2025 11:05:58,user_1758124826911_9va5zzx9b,"Under the keyboard, Tuesday practices remorse.",4,0
9/17/2025 11:05:59,user_1758124876200_uif9e3991,Wooden metallic clouds digest clockwise.,1,1
9/17/2025 11:05:59,user_1758124822608_fyryc4t3i,The comet politely steals my staircase.,2,0
9/17/2025 11:06:00,user_1758124833022_cwzsxsjt4,"Under the keyboard, Tuesday practices remorse.",1,1
9/17/2025 11:06:00,user_1758124832579_f9b9deb5v,"If butter forgets, planets applaud politely.",2,1
9/17/2025 11:06:01,user_1758124837240_t56m9cpew,"Because pencils migrate, the river resumes duty.",1,0
9/17/2025 11:06:01,user_1758124837240_t56m9cpew,A cautious echo paints thunder for breakfast.,3,1
9/17/2025 11:06:02,user_1758124819340_rgsvgdlel,Flat curved planes wrinkle vertically.,2,0
9/17/2025 11:06:02,user_1758124836074_gmp2eo86u,Tangible abstract ideas itch hydraulically.,1,0
9/17/2025 11:06:03,user_1758124826911_9va5zzx9b,Only the wallpaper suspects cheerful algebra.,1,0
9/17/2025 11:06:05,user_1758124826911_9va5zzx9b,Wooden metallic clouds digest clockwise.,4,1
9/17/2025 11:06:04,user_1758124837240_t56m9cpew,Even odd numbers bleed dryly.,5,1
9/17/2025 11:06:05,user_1758124832579_f9b9deb5v,Bottom of the space is up.,3,0
9/17/2025 11:06:07,user_1758124826911_9va5zzx9b,The old man the boat.,5,0
9/17/2025 11:06:07,user_1758124833022_cwzsxsjt4,Thoughtless bouncing fables sink gracefully.,2,0
9/17/2025 11:06:08,user_1758124832579_f9b9deb5v,Transparent opaque thoughts collide fragrantly.,2,0
9/17/2025 11:06:08,user_1758124837240_t56m9cpew,Living dead statues breathe digitally.,5,0
9/17/2025 11:06:09,user_1758124822608_fyryc4t3i,This elegy instructs the elevator sideways.,2,1
9/17/2025 11:06:12,user_1758124832579_f9b9deb5v,The museum pretends that teacups are monarchs.,4,0
9/17/2025 11:06:14,user_1758124826911_9va5zzx9b,Thoughtless bouncing fables sink gracefully.,3,0
9/17/2025 11:06:14,user_1758124833022_cwzsxsjt4,Burpy trees monkey in mountain poodle.,1,0
9/17/2025 11:06:17,user_1758124822608_fyryc4t3i,The old man the boat.,2,0
9/17/2025 11:06:20,user_1758124822608_fyryc4t3i,Delicious computer flies largely.,4,0
9/17/2025 11:06:20,user_1758124819340_rgsvgdlel,"The shoe collated a quandary of bees by first mitigating meaning, then devouring the experiment.",2,1
9/17/2025 11:06:21,user_1758124836074_gmp2eo86u,Delicious computer flies largely.,1,0
9/17/2025 11:06:19,user_1758124843495_srcbljz55,"Under the keyboard, Tuesday practices remorse.",2,1
9/17/2025 11:06:20,user_1758124833022_cwzsxsjt4,Brightly veracious lion fly cunningly.,2,0
9/17/2025 11:06:21,user_1758124836074_gmp2eo86u,Living dead statues breathe digitally.,2,0
9/17/2025 11:06:22,user_1758124876200_uif9e3991,Infinite largest integers dance politely.,3,1
9/17/2025 11:06:27,user_1758124822608_fyryc4t3i,"Because pencils migrate, the river resumes duty.",5,0
9/17/2025 11:06:29,user_1758124836074_gmp2eo86u,Silent noises shout mutely.,2,0
9/17/2025 11:06:30,user_1758124833022_cwzsxsjt4,Tangible abstract ideas itch hydraulically.,1,0
9/17/2025 11:06:30,user_1758124819340_rgsvgdlel,More rugs have been debunked than in blue green dreams.,1,0
9/17/2025 11:06:37,user_1758124822608_fyryc4t3i,Tangible abstract ideas itch hydraulically.,2,0
9/17/2025 11:06:42,user_1758124833022_cwzsxsjt4,A cautious echo paints thunder for breakfast.,2,1
9/17/2025 11:06:42,user_1758124876200_uif9e3991,Even odd numbers bleed dryly.,1,0
9/17/2025 11:06:43,user_1758124836074_gmp2eo86u,The comet politely steals my staircase.,1,1
9/17/2025 11:06:43,user_1758124836074_gmp2eo86u,A cautious echo paints thunder for breakfast.,1,1
9/17/2025 11:06:43,user_1758124822608_fyryc4t3i,A cautious echo paints thunder for breakfast.,5,0
9/17/2025 11:06:46,user_1758124819340_rgsvgdlel,Silent noises shout mutely.,2,0
9/17/2025 11:06:47,user_1758124833022_cwzsxsjt4,Let velvet measure tomorrow with raisins.,1,1
9/17/2025 11:06:48,user_1758124822608_fyryc4t3i,Flat curved planes wrinkle vertically.,4,0
9/17/2025 11:06:52,user_1758124822608_fyryc4t3i,"If butter forgets, planets applaud politely.",2,1
9/17/2025 11:06:53,user_1758124833022_cwzsxsjt4,Delicious computer flies largely.,1,0
9/17/2025 11:06:53,user_1758124836074_gmp2eo86u,Nonexistent tall freedoms lift monstrously.,1,1
9/17/2025 11:06:58,user_1758124819340_rgsvgdlel,Gentle cranky cat sing sleepily.,2,0
9/17/2025 11:06:58,user_1758124836074_gmp2eo86u,"The shoe collated a quandary of bees by first mitigating meaning, then devouring the experiment.",1,0
9/17/2025 11:06:59,user_1758124822608_fyryc4t3i,Burpy trees monkey in mountain poodle.,2,0
9/17/2025 11:07:01,user_1758124833022_cwzsxsjt4,Only the wallpaper suspects cheerful algebra.,1,0
9/17/2025 11:07:03,user_1758124836074_gmp2eo86u,Wooden metallic clouds digest clockwise.,1,1
9/17/2025 11:07:04,user_1758124876200_uif9e3991,Burpy trees monkey in mountain poodle.,1,0
9/17/2025 11:07:04,user_1758124822608_fyryc4t3i,"After midnight, triangles borrow weather from whispers.",2,0
9/17/2025 11:07:10,user_1758124822608_fyryc4t3i,Neither oxygen nor boredom files the horizon.,2,0
9/17/2025 11:07:13,user_1758124833022_cwzsxsjt4,There were umbrellas arguing under the algorithm.,1,1
9/17/2025 11:07:14,user_1758124822608_fyryc4t3i,More rugs have been debunked than in blue green dreams.,2,0
9/17/2025 11:07:15,user_1758124819340_rgsvgdlel,The museum pretends that teacups are monarchs.,5,0
9/17/2025 11:07:16,user_1758124836074_gmp2eo86u,Neither oxygen nor boredom files the horizon.,1,1
9/17/2025 11:07:21,user_1758124833022_cwzsxsjt4,The museum pretends that teacups are monarchs.,2,1
9/17/2025 11:07:22,user_1758124876200_uif9e3991,The comet politely steals my staircase.,3,0
9/17/2025 11:07:23,user_1758124819340_rgsvgdlel,The old man the boat.,5,0
9/17/2025 11:07:24,user_1758124822608_fyryc4t3i,Nonexistent tall freedoms lift monstrously.,5,0
9/17/2025 11:07:24,user_1758124833022_cwzsxsjt4,Neither oxygen nor boredom files the horizon.,1,1
9/17/2025 11:07:26,user_1758124836074_gmp2eo86u,A rumor balanced the telescope backwards.,1,1
9/17/2025 11:07:32,user_1758124836074_gmp2eo86u,Let velvet measure tomorrow with raisins.,1,1
9/17/2025 11:07:34,user_1758124819340_rgsvgdlel,A rumor balanced the telescope backwards.,4,1
9/17/2025 11:07:34,user_1758124833022_cwzsxsjt4,"After midnight, triangles borrow weather from whispers.",1,1
9/17/2025 11:07:36,user_1758125145915_ygi6391b5,Tangible abstract ideas itch hydraulically.,1,0
9/17/2025 11:07:36,user_1758124822608_fyryc4t3i,Wooden metallic clouds digest clockwise.,5,0
9/17/2025 11:07:41,user_1758124822608_fyryc4t3i,Living dead statues breathe digitally.,3,1
9/17/2025 11:07:49,user_1758124819340_rgsvgdlel,Thoughtless bouncing fables sink gracefully.,2,0
9/17/2025 11:07:51,user_1758124822608_fyryc4t3i,Infinite largest integers dance politely.,2,0
9/17/2025 11:07:56,user_1758125145915_ygi6391b5,A rumor balanced the telescope backwards.,1,0
9/17/2025 11:07:59,user_1758124822608_fyryc4t3i,Brightly veracious lion fly cunningly.,5,0
9/17/2025 11:07:59,user_1758124836074_gmp2eo86u,More rugs have been debunked than in blue green dreams.,1,1
9/17/2025 11:08:00,user_1758124836074_gmp2eo86u,Odorless fragrant smells disappear loudly.,4,0
9/17/2025 11:08:03,user_1758124822608_fyryc4t3i,Odorless fragrant smells disappear loudly.,5,0
9/17/2025 11:08:03,user_1758124819340_rgsvgdlel,Brightly veracious lion fly cunningly.,4,0
9/17/2025 11:08:06,user_1758124843495_srcbljz55,There were umbrellas arguing under the algorithm.,3,0
9/17/2025 11:08:06,user_1758124836074_gmp2eo86u,Gentle cranky cat sing sleepily.,1,0
9/17/2025 11:08:10,user_1758124822608_fyryc4t3i,Stationary moving mountains sprint immovably.,4,0
9/17/2025 11:08:14,user_1758124819340_rgsvgdlel,Transparent opaque thoughts collide fragrantly.,2,0
9/17/2025 11:08:16,user_1758124822608_fyryc4t3i,An obedient rumor divided the staircase.,5,0
9/17/2025 11:08:17,user_1758125145915_ygi6391b5,Brightly veracious lion fly cunningly.,4,1
9/17/2025 11:08:17,user_1758124843495_srcbljz55,Prime composite numbers smile chemically.,1,0
9/17/2025 11:08:18,user_1758124876200_uif9e3991,An obedient rumor divided the staircase.,1,1
9/17/2025 11:08:21,user_1758124836074_gmp2eo86u,"As calculators blush, lint negotiates silence.",1,1
9/17/2025 11:08:22,user_1758124822608_fyryc4t3i,Let velvet measure tomorrow with raisins.,1,0
9/17/2025 11:08:23,user_1758124843495_srcbljz55,Even odd numbers bleed dryly.,1,0
9/17/2025 11:08:24,user_1758124819340_rgsvgdlel,Unknowable facts march pointlessly.,2,0
9/17/2025 11:08:24,user_1758125145915_ygi6391b5,"If butter forgets, planets applaud politely.",1,0
9/17/2025 11:08:28,user_1758124836074_gmp2eo86u,There were umbrellas arguing under the algorithm.,1,0
9/17/2025 11:08:31,user_1758124822608_fyryc4t3i,A rumor balanced the telescope backwards.,2,0
9/17/2025 11:08:33,user_1758124819340_rgsvgdlel,"Because pencils migrate, the river resumes duty.",2,0
9/17/2025 11:08:36,user_1758125145915_ygi6391b5,Finite endless lines stop perpetually.,3,1
9/17/2025 11:08:37,user_1758124836074_gmp2eo86u,Unknowable facts march pointlessly.,3,0
9/17/2025 11:08:51,user_1758124876200_uif9e3991,Unknowable facts march pointlessly.,3,1
9/17/2025 11:08:53,user_1758124819340_rgsvgdlel,Neither oxygen nor boredom files the horizon.,1,1
9/17/2025 11:08:57,user_1758125145915_ygi6391b5,The comet politely steals my staircase.,4,1
9/17/2025 11:09:02,user_1758124819340_rgsvgdlel,There were umbrellas arguing under the algorithm.,3,1
9/17/2025 11:09:03,user_1758124836074_gmp2eo86u,Stationary moving mountains sprint immovably.,2,1
9/17/2025 11:09:12,user_1758124819340_rgsvgdlel,Even odd numbers bleed dryly.,2,0
9/17/2025 11:09:13,user_1758124843495_srcbljz55,Opaque air drives restlessly among lakes.,3,1
9/17/2025 11:09:14,user_1758125145915_ygi6391b5,Thoughtless bouncing fables sink gracefully.,3,1
9/17/2025 11:09:16,user_1758124876200_uif9e3991,My mine mobbed my mean meme moment moving mightily.,1,0
9/17/2025 11:09:17,user_1758124836074_gmp2eo86u,Cactus slides toward the soap bridge upon each civilized dream.,1,1
9/17/2025 11:09:19,user_1758124819340_rgsvgdlel,Nonexistent tall freedoms lift monstrously.,2,0
9/17/2025 11:09:23,user_1758124819340_rgsvgdlel,Prime composite numbers smile chemically.,2,0
9/17/2025 11:09:27,user_1758124819340_rgsvgdlel,Wooden metallic clouds digest clockwise.,3,0
9/17/2025 11:09:41,user_1758124843495_srcbljz55,Since there is a sentence to be sentenced since sinners sensed the seriousness soon such sentence starts somewhere sideways.,2,0
9/17/2025 11:10:07,user_1758124819340_rgsvgdlel,A cautious echo paints thunder for breakfast.,3,0
9/17/2025 11:10:11,user_1758124876200_uif9e3991,Tangible abstract ideas itch hydraulically.,1,0
9/17/2025 11:10:13,user_1758124819340_rgsvgdlel,"After midnight, triangles borrow weather from whispers.",2,1
9/17/2025 11:10:21,user_1758124876200_uif9e3991,Flat curved planes wrinkle vertically.,4,1
9/17/2025 11:11:37,user_1758124819340_rgsvgdlel,Cactus slides toward the soap bridge upon each civilized dream.,1,0
9/17/2025 11:11:45,user_1758124819340_rgsvgdlel,Bottom of the space is up.,2,1
9/17/2025 11:11:55,user_1758124819340_rgsvgdlel,An obedient rumor divided the staircase.,2,0